Staypoint.ID,User.ID,Staypoint.Name,Staypoint.Guesses,Staypoint.Activity,Staypoint.How.Happy.,Staypoint.How.Stressed.,Staypoint.How.Enjoy.,Staypoint.Start.Time,Staypoint.End.Time
2466,4,,"Strathkinness, Strathkinness Church, Strathkinness Tavern, Nydie Campsite, Lade Braes, Kingdom Vineyard Office (The Shed), Royal Mail Delivery Office, Strathkinness Village Hall",,,,,29/07/2018 18:00,
2441,4,Strathkinness,"Strathkinness, Strathkinness Church, Strathkinness Tavern, Nydie Campsite, Lade Braes, Kingdom Vineyard Office (The Shed), Royal Mail Delivery Office, Strathkinness Village Hall",Taking Care of My Children,6,3,1,29/07/2018 15:00,
2439,4,Strathkinness,"Strathkinness, Strathkinness Church, Strathkinness Tavern, Nydie Campsite, Lade Braes, Kingdom Vineyard Office (The Shed), Royal Mail Delivery Office, Strathkinness Village Hall",Doing Housework,4,2,3,29/07/2018 12:31,
2415,4,,"Strathkinness, Strathkinness Church, Strathkinness Tavern, Nydie Campsite, Lade Braes, Kingdom Vineyard Office (The Shed), Royal Mail Delivery Office, Strathkinness Village Hall",,,,,28/07/2018 18:40,29/07/2018 11:39
2427,4,,"Strathkinness, Strathkinness Church, Strathkinness Tavern, Nydie Campsite, Kingdom Vineyard Office (The Shed), Royal Mail Delivery Office, Lade Braes, Strathkinness Village Hall",,,,,29/07/2018 11:00,
2397,4,Strathkinness,"Strathkinness, Strathkinness Church, Strathkinness Tavern, Nydie Campsite, Lade Braes, Royal Mail Delivery Office, Kingdom Vineyard Office (The Shed), Strathkinness Village Hall",Preparing Food,4,2,2,28/07/2018 15:04,28/07/2018 18:26
2404,4,Strathkinness,"Strathkinness, Strathkinness Church, Strathkinness Tavern, Nydie Campsite, Lade Braes, Kingdom Vineyard Office (The Shed), Royal Mail Delivery Office, Strathkinness Village Hall",Eating,4,3,3,28/07/2018 18:00,
2386,4,,"Guardbridge Inn, Leuchars Railway Station (LEU), The Old Course St Andrews, The Cafe At The Museum, St Andrews Links Trust, Balmullo Inn, Occasions, the view studio",Taking Care of My Children,3,3,3,28/07/2018 15:00,
2380,4,Clayton Bar,"Clayton Bar, Clayton Caravan Park, Pittormie Fruit Farm, Thai Teak, Balmullo Inn, 2 Wheel Care, Baker Place, Archbishop Sharp Memorial",Eating,5,2,0,28/07/2018 12:44,28/07/2018 14:43
2366,4,Strathkinness,"Strathkinness, Strathkinness Church, Strathkinness Tavern, Nydie Campsite, Royal Mail Delivery Office, Lade Braes, Kingdom Vineyard Office (The Shed), Mansedale",Resting/Relaxing,3,1,0,28/07/2018 10:50,28/07/2018 12:26
2364,4,Enterprise Rent-A-Car,"Dundee Bus Station, Enterprise Rent-A-Car, Madras College Art Base, Run 4 It, The Coffee Station, East Port Roundabout, Megabus M9, Enterprise",Shopping,3,1,2,28/07/2018 10:10,28/07/2018 10:22
2329,4,Strathkinness,"Strathkinness, Strathkinness Church, Strathkinness Tavern, Nydie Campsite, Kingdom Vineyard Office (The Shed), Lade Braes, Royal Mail Delivery Office, Strathkinness Village Hall",Taking Care of My Children,4,1,2,27/07/2018 16:25,
2328,4,Strathkinness,"Strathkinness, Strathkinness Church, Strathkinness Tavern, Nydie Campsite, Kingdom Vineyard Office (The Shed), Lade Braes, Royal Mail Delivery Office, Strathkinness Village Hall",Watching TV,4,2,3,27/07/2018 16:04,27/07/2018 16:21
2315,4,Strathkinness,"Strathkinness, Strathkinness Church, Strathkinness Tavern, Nydie Campsite, Kingdom Vineyard Office (The Shed), Lade Braes, Royal Mail Delivery Office, Strathkinness Village Hall",Eating,5,1,1,27/07/2018 13:50,27/07/2018 15:58
2311,4,University of St Andrews,"Lower College Hall, School I, Sallies Quad, University of St Andrews, School 3, School 6, St. Salvator's Chapel, Student Accommodation Services",Working,4,3,1,27/07/2018 12:20,27/07/2018 13:39
2310,4,The Old Course St Andrews,"Swilcan Bridge, The Old Course St Andrews, The New Golf Club, John Burnet Hall, Johnstons of Elgin, The New Course St Andrews, The Himalayas, Alfred Dunhill Links Championship",Other,6,3,0,27/07/2018 11:50,27/07/2018 12:06
2298,4,University of St Andrews,"St Salvator's Quad, University of St Andrews, Irvine Building, Sallies Quad, School VI, School 6, Carphone Warehouse, St. Salvator's Chapel",Working,4,2,2,27/07/2018 09:25,
2287,4,,"Strathkinness, Strathkinness Church, Strathkinness Tavern, Nydie Campsite, Royal Mail Delivery Office, Lade Braes, Kingdom Vineyard Office (The Shed), Strathkinness Village Hall",,,,,26/07/2018 20:50,27/07/2018 08:49
2269,4,,"Strathkinness, Strathkinness Church, Strathkinness Tavern, Nydie Campsite, Kingdom Vineyard Office (The Shed), Royal Mail Delivery Office, Lade Braes, Strathkinness Village Hall",,,,,26/07/2018 17:15,26/07/2018 19:27
2268,4,University of St Andrews,"University of St Andrews, Lower College Hall, School I, Sallies Quad, School 3, School V, Lower College Lawn, Irvine Lecture Theatre",Working,3,4,2,26/07/2018 16:24,
2267,4,,"Irvine Lecture Theatre, University of St Andrews, Computer Lab Irvine Building, School I, School V, Lower College Hall, Irvine Building, St Salvator's Quad",,,,,26/07/2018 15:10,26/07/2018 16:07
2256,4,,"Lower College Hall, School I, University of St Andrews, School 3, Sallies Quad, St. Salvator's Chapel, Lower College Lawn, School 6",,,,,26/07/2018 15:00,
2251,4,,"University of St Andrews, School I, Lower College Hall, Sallies Quad, School 3, School V, Lower College Lawn, Irvine Lecture Theatre",,,,,26/07/2018 12:35,
2238,4,,"Strathkinness, Strathkinness Church, Strathkinness Tavern, Nydie Campsite, Kingdom Vineyard Office (The Shed), Royal Mail Delivery Office, Lade Braes, Strathkinness Village Hall",Working,3,5,1,26/07/2018 11:00,
2230,4,,"Strathkinness, Strathkinness Church, Strathkinness Tavern, Nydie Campsite, Kingdom Vineyard Office (The Shed), Royal Mail Delivery Office, Lade Braes, Strathkinness Village Hall",,,,,26/07/2018 08:21,
2228,4,Strathkinness,"Strathkinness, Strathkinness Church, Strathkinness Tavern, Nydie Campsite, Kingdom Vineyard Office (The Shed), Royal Mail Delivery Office, Lade Braes, Strathkinness Village Hall",Socialising,4,2,0,25/07/2018 23:09,
2227,4,,"Strathkinness, Strathkinness Church, Strathkinness Tavern, Nydie Campsite, Kingdom Vineyard Office (The Shed), Royal Mail Delivery Office, Lade Braes, Strathkinness Village Hall",,,,,25/07/2018 21:55,25/07/2018 23:02
2223,4,,"Leuchars Railway Station (LEU), Platform 2, Platform 1, Leuchars, 92, Milton Lea B&B, RAF Leuchars, Balmullo Inn",,,,,25/07/2018 21:40,25/07/2018 21:44
2216,4,Strathkinness,"Strathkinness, Strathkinness Church, Strathkinness Tavern, Nydie Campsite, Lade Braes, Kingdom Vineyard Office (The Shed), Royal Mail Delivery Office, Strathkinness Village Hall",Taking Care of My Children,4,5,1,25/07/2018 19:00,
2203,4,,"Strathkinness, Strathkinness Church, Strathkinness Tavern, Nydie Campsite, Kingdom Vineyard Office (The Shed), Royal Mail Delivery Office, Lade Braes, Strathkinness Village Hall",,,,,25/07/2018 17:10,25/07/2018 18:55
2185,4,Strathkinness,"Strathkinness, Strathkinness Church, Strathkinness Tavern, Nydie Campsite, Kingdom Vineyard Office (The Shed), Royal Mail Delivery Office, Lade Braes, Strathkinness Village Hall",Taking Care of My Children,5,3,0,25/07/2018 13:45,25/07/2018 17:03
2183,4,David Russell Apartments,"David Russell Apartments, Rainbow Nursery, Donaldson ????, Mj's & Sergey's ????????, David Russell Apts. (Nisbet), David Russell Apartments Reception, Khalid's ????????????, Hallway herkless DRA",Preparing Food,4,2,0,25/07/2018 13:25,25/07/2018 13:39
2168,4,,"St Salvator's Quad, School VI, Irvine Building, Sallies Quad, University of St Andrews, School 6, Carphone Warehouse, St. Salvator's Chapel",,,,,25/07/2018 09:55,25/07/2018 11:40
2166,4,,"St Andrews Museum Kinburn Park, Argyle Street, St Andrews Tennis Club, Argyle Street Car Park, St Andrews Bus Station, The X24 Bus, Luvians Bottle Shop, St Andrews",Working,3,5,4,25/07/2018 08:50,25/07/2018 08:51
2156,4,,"University of St Andrews, Computer Lab Irvine Building, St Salvator's Quad, Irvine Building, School I, School VI, Sallies Quad, St. Salvator's Chapel",Taking Care of My Children,5,5,1,24/07/2018 18:00,
2150,4,,"University of St Andrews, Computer Lab Irvine Building, St Salvator's Quad, Irvine Building, School I, School VI, Sallies Quad, St. Salvator's Chapel",,,,,24/07/2018 15:00,
2122,4,University of St Andrews,"Computer Lab Irvine Building, University of St Andrews, St Salvator's Quad, Irvine Building, School I, School VI, Sallies Quad, St. Salvator's Chapel",Working,5,3,4,24/07/2018 09:27,
2119,4,Aldi,"Aldi, Premier Inn St Andrews, Bassaguard Garage, St Andrews Othodontists, Barnetts Volkswagon of St Andrews, Hardies, Kwik-Fit, Gardens Mowers & Tools Ltd",Shopping,3,2,2,23/07/2018 21:03,24/07/2018 09:21
2105,4,Strathkinness,"Strathkinness, Strathkinness Church, Strathkinness Tavern, Nydie Campsite, Kingdom Vineyard Office (The Shed), Royal Mail Delivery Office, Lade Braes, Strathkinness Village Hall",Taking Care of My Children,6,2,2,23/07/2018 17:48,
2091,4,Strathkinness,"Strathkinness, Strathkinness Church, Strathkinness Tavern, Nydie Campsite, Kingdom Vineyard Office (The Shed), Lade Braes, Royal Mail Delivery Office, Strathkinness Village Hall",Preparing Food,3,3,2,23/07/2018 14:28,23/07/2018 16:24
2090,4,Strathkinness,"Strathkinness, Strathkinness Church, Strathkinness Tavern, Nydie Campsite, Kingdom Vineyard Office (The Shed), Lade Braes, Royal Mail Delivery Office, Strathkinness Village Hall",Other,2,4,4,23/07/2018 14:08,23/07/2018 14:16
2089,4,Strathkinness,"Strathkinness, Strathkinness Church, Strathkinness Tavern, Nydie Campsite, Kingdom Vineyard Office (The Shed), Royal Mail Delivery Office, Lade Braes, Strathkinness Village Hall",Taking Care of My Children,6,6,6,23/07/2018 13:53,
2082,4,,"Strathkinness, Strathkinness Church, Strathkinness Tavern, Nydie Campsite, Kingdom Vineyard Office (The Shed), Royal Mail Delivery Office, Lade Braes, Strathkinness Village Hall",,,,,23/07/2018 11:00,
2068,4,,"Strathkinness, Strathkinness Church, Strathkinness Tavern, Nydie Campsite, Lade Braes, Kingdom Vineyard Office (The Shed), Royal Mail Delivery Office, Strathkinness Village Hall",,,,,22/07/2018 18:00,
2056,4,,"Strathkinness, Strathkinness Church, Strathkinness Tavern, Nydie Campsite, Lade Braes, Kingdom Vineyard Office (The Shed), Royal Mail Delivery Office, Strathkinness Village Hall",,,,,22/07/2018 15:00,
2034,4,,"Strathkinness, Strathkinness Church, Strathkinness Tavern, Nydie Campsite, Kingdom Vineyard Office (The Shed), Lade Braes, Royal Mail Delivery Office, Strathkinness Village Hall",,,,,22/07/2018 11:00,
2025,4,,"Strathkinness, Strathkinness Church, Strathkinness Tavern, Nydie Campsite, Kingdom Vineyard Office (The Shed), Lade Braes, Royal Mail Delivery Office, Strathkinness Village Hall",,,,,21/07/2018 18:00,
2006,4,,"Strathkinness, Strathkinness Church, Strathkinness Tavern, Nydie Campsite, Lade Braes, Kingdom Vineyard Office (The Shed), Royal Mail Delivery Office, Strathkinness Village Hall",,,,,21/07/2018 15:00,
1995,4,,"Strathkinness, Strathkinness Church, Strathkinness Tavern, Nydie Campsite, Lade Braes, Royal Mail Delivery Office, Kingdom Vineyard Office (The Shed), Strathkinness Village Hall",,,,,21/07/2018 11:00,
1982,4,,"Strathkinness, Strathkinness Church, Strathkinness Tavern, Nydie Campsite, Kingdom Vineyard Office (The Shed), Lade Braes, Royal Mail Delivery Office, Strathkinness Village Hall",,,,,20/07/2018 18:00,
1970,4,,"Strathkinness, Strathkinness Church, Strathkinness Tavern, Nydie Campsite, Kingdom Vineyard Office (The Shed), Lade Braes, Royal Mail Delivery Office, Strathkinness Village Hall",,,,,20/07/2018 15:00,
1954,4,,"Strathkinness, Strathkinness Church, Strathkinness Tavern, Nydie Campsite, Kingdom Vineyard Office (The Shed), Royal Mail Delivery Office, Lade Braes, Strathkinness Village Hall",,,,,20/07/2018 11:00,
1930,4,,"Strathkinness, Strathkinness Church, Strathkinness Tavern, Nydie Campsite, Kingdom Vineyard Office (The Shed), Royal Mail Delivery Office, Lade Braes, Strathkinness Village Hall",,,,,19/07/2018 18:00,
1921,4,,"Strathkinness, Strathkinness Church, Strathkinness Tavern, Nydie Campsite, Kingdom Vineyard Office (The Shed), Lade Braes, Royal Mail Delivery Office, Strathkinness Village Hall",,,,,19/07/2018 15:00,
1908,4,,"Strathkinness, Strathkinness Church, Strathkinness Tavern, Nydie Campsite, Kingdom Vineyard Office (The Shed), Royal Mail Delivery Office, Lade Braes, Strathkinness Village Hall",,,,,19/07/2018 11:00,
1887,4,,"Strathkinness, Strathkinness Church, Strathkinness Tavern, Nydie Campsite, Kingdom Vineyard Office (The Shed), Lade Braes, Royal Mail Delivery Office, Strathkinness Village Hall",,,,,18/07/2018 18:00,
1868,4,,"Strathkinness, Strathkinness Church, Strathkinness Tavern, Nydie Campsite, Kingdom Vineyard Office (The Shed), Lade Braes, Royal Mail Delivery Office, Strathkinness Village Hall",,,,,18/07/2018 15:00,
1855,4,,"Strathkinness, Strathkinness Church, Strathkinness Tavern, Nydie Campsite, Kingdom Vineyard Office (The Shed), Royal Mail Delivery Office, Lade Braes, Strathkinness Village Hall",,,,,18/07/2018 11:00,
1837,4,,"Strathkinness, Strathkinness Church, Strathkinness Tavern, Nydie Campsite, Kingdom Vineyard Office (The Shed), Lade Braes, Royal Mail Delivery Office, Strathkinness Village Hall",,,,,17/07/2018 18:00,
1825,4,,"Strathkinness, Strathkinness Church, Strathkinness Tavern, Nydie Campsite, Kingdom Vineyard Office (The Shed), Lade Braes, Royal Mail Delivery Office, Strathkinness Village Hall",,,,,17/07/2018 15:00,
1810,4,,"Strathkinness, Strathkinness Church, Strathkinness Tavern, Nydie Campsite, Kingdom Vineyard Office (The Shed), Royal Mail Delivery Office, Lade Braes, Strathkinness Village Hall",,,,,17/07/2018 11:00,
1782,4,,"Strathkinness Church, Strathkinness, Strathkinness Tavern, Nydie Campsite, Kingdom Vineyard Office (The Shed), Strathkinness Village Hall, Royal Mail Delivery Office, Lade Braes",,,,,16/07/2018 18:00,
1771,4,,"Strathkinness Church, Strathkinness, Strathkinness Tavern, Kingdom Vineyard Office (The Shed), Nydie Campsite, Strathkinness Village Hall, Royal Mail Delivery Office, Lade Braes",,,,,16/07/2018 15:00,
1757,4,,"Strathkinness Church, Strathkinness, Strathkinness Tavern, Kingdom Vineyard Office (The Shed), Nydie Campsite, Strathkinness Village Hall, Royal Mail Delivery Office, Lade Braes",,,,,16/07/2018 11:00,
1725,4,,"Strathkinness Church, Strathkinness, Strathkinness Tavern, Kingdom Vineyard Office (The Shed), Nydie Campsite, Strathkinness Village Hall, Royal Mail Delivery Office, Lade Braes",,,,,15/07/2018 18:00,
1711,4,,"Strathkinness Church, Strathkinness, Strathkinness Tavern, Nydie Campsite, Kingdom Vineyard Office (The Shed), Strathkinness Village Hall, Royal Mail Delivery Office, Lade Braes",,,,,15/07/2018 15:00,
1691,4,,"Strathkinness Church, Strathkinness, Strathkinness Tavern, Nydie Campsite, Kingdom Vineyard Office (The Shed), Strathkinness Village Hall, Royal Mail Delivery Office, Lade Braes",,,,,15/07/2018 11:00,
1674,4,,"Strathkinness Church, Strathkinness, Strathkinness Tavern, Kingdom Vineyard Office (The Shed), Nydie Campsite, Strathkinness Village Hall, Royal Mail Delivery Office, Lade Braes",,,,,14/07/2018 18:00,
1659,4,,"Strathkinness Church, Strathkinness, Strathkinness Tavern, Kingdom Vineyard Office (The Shed), Nydie Campsite, Lade Braes, Strathkinness Village Hall, Royal Mail Delivery Office",,,,,14/07/2018 15:00,
1642,4,,"Strathkinness Church, Strathkinness, Strathkinness Tavern, Nydie Campsite, Kingdom Vineyard Office (The Shed), Strathkinness Village Hall, Lade Braes, Royal Mail Delivery Office",,,,,14/07/2018 11:00,
1622,4,,"Strathkinness Church, Strathkinness, Strathkinness Tavern, Kingdom Vineyard Office (The Shed), Nydie Campsite, Strathkinness Village Hall, Royal Mail Delivery Office, Lade Braes",,,,,13/07/2018 20:00,
1268,4,,"Strathkinness Church, Strathkinness, Strathkinness Tavern, Rufflets Country House Hotel St Andrews, Kingdom Vineyard Office (The Shed), Strathkinness Village Hall, Lade Braes, Royal Mail Delivery Office",,,,,20/06/2018 21:40,
1266,4,Strathkinness,"Strathkinness Church, Strathkinness, Strathkinness Tavern, Rufflets Country House Hotel St Andrews, Kingdom Vineyard Office (The Shed), Royal Mail Delivery Office, Lade Braes, Strathkinness Village Hall",Taking Care of My Children,5,5,1,20/06/2018 20:01,20/06/2018 21:20
1256,4,,"Strathkinness, Strathkinness Church, Strathkinness Tavern, Rufflets Country House Hotel St Andrews, Kingdom Vineyard Office (The Shed), Lade Braes, Royal Mail Delivery Office, Mansedale",,,,,20/06/2018 13:46,20/06/2018 19:53
1255,4,Rainbow Nursery,"David Russell Apartments, Donaldson ????, Awesomest [Ukrainian] Room ????????????, David Russell Apts. (Lang), Lawn DRA, Mj's & Sergey's ????????, Hallway herkless DRA, Rainbow Nursery",Taking Care of My Children,6,3,0,20/06/2018 13:21,20/06/2018 13:21
1253,4,St Andrews,"School of Medicine and Biology Building, John Burnet Hall, St Andrews, Gateway, Gateway Building, The Old Course St Andrews, Alfred Dunhill Links Championship, Medical Sciences Building",Other,3,3,2,20/06/2018 13:03,20/06/2018 13:05
1243,4,,"University of St Andrews, Lower College Hall, School I, Sallies Quad, St. Salvator's Chapel, Lower College Lawn, School 6, School VI",,,,,20/06/2018 10:54,20/06/2018 12:38
1223,4,,"Strathkinness Church, Strathkinness, Strathkinness Tavern, Rufflets Country House Hotel St Andrews, Kingdom Vineyard Office (The Shed), Strathkinness Village Hall, Royal Mail Delivery Office, Lade Braes",,,,,19/06/2018 17:39,
1216,4,,"University of St Andrews, Irvine Lecture Theatre, Lower College Hall, School I, School 3, Lower College Lawn, Edgecliffe - Department of Philosophy, School V",,,,,19/06/2018 15:40,19/06/2018 17:00
1198,4,,"University of St Andrews, Lower College Hall, Sallies Quad, Lower College Lawn, St. Salvator's Chapel, School I, School 3, Student Accommodation Services",,,,,19/06/2018 11:37,19/06/2018 15:31
1196,4,,"University of St Andrews, Lower College Hall, Sallies Quad, Lower College Lawn, St. Salvator's Chapel, School I, School 3, Student Accommodation Services",,,,,19/06/2018 09:39,19/06/2018 11:11
1194,4,,"David Russell Apartments, Donaldson ????, Mj's & Sergey's ????????, Awesomest [Ukrainian] Room ????????????, Khalid's ????????????, David Russell Apts. (Nisbet), Hallway herkless DRA, Rainbow Nursery",,,,,19/06/2018 09:14,19/06/2018 09:16
1184,4,,"Strathkinness Church, Strathkinness, Strathkinness Tavern, Rufflets Country House Hotel St Andrews, Kingdom Vineyard Office (The Shed), Lade Braes, Royal Mail Delivery Office, Strathkinness Village Hall",,,,,18/06/2018 22:04,19/06/2018 09:02
1179,4,,"Strathkinness Church, Strathkinness, Strathkinness Tavern, Rufflets Country House Hotel St Andrews, Kingdom Vineyard Office (The Shed), Strathkinness Village Hall, Lade Braes, Royal Mail Delivery Office",,,,,18/06/2018 19:05,18/06/2018 21:26
1173,4,,"Strathkinness Church, Strathkinness, Strathkinness Tavern, Rufflets Country House Hotel St Andrews, Kingdom Vineyard Office (The Shed), Lade Braes, Royal Mail Delivery Office, Strathkinness Village Hall",,,,,18/06/2018 16:04,18/06/2018 18:54
1171,4,,"Kemback, White Chimneys Tearoom, Blebocraigs, Dairsie, 2 Wheel Care, Fairy Bridge, Archbishop Sharp Memorial, Funky Rascal",,,,,18/06/2018 15:13,18/06/2018 15:57
1170,4,,"East Sands, East Sands Leisure Centre, East Shore Student Accommodation, Artery Gallery, East Sands Playground, The New Inn, Madras College, St Mary St Bridge",,,,,18/06/2018 13:29,18/06/2018 14:46
1166,4,,"Edgecliffe - Department of Philosophy, University of St Andrews, Lower College Hall, Lower College Lawn, Irvine Lecture Theatre, School I, MUSA - Museum of the University of St Andrews, School V",,,,,18/06/2018 09:13,18/06/2018 09:57
1162,4,,"Strathkinness Church, Strathkinness, Strathkinness Tavern, Rufflets Country House Hotel St Andrews, Kingdom Vineyard Office (The Shed), Strathkinness Village Hall, Lade Braes, Royal Mail Delivery Office",,,,,18/06/2018 06:16,18/06/2018 08:34
1149,4,,"dufas park jungle Jim's, The Skate Park, Bell Baxter High school, Elmwood College, Cupar Sports Centre, cupar muir, Howe Of Fife Rugby Club, Bank street medical group",,,,,17/06/2018 13:49,18/06/2018 06:11
1147,4,Strathkinness,"Strathkinness Church, Strathkinness, Strathkinness Tavern, Rufflets Country House Hotel St Andrews, Kingdom Vineyard Office (The Shed), Royal Mail Delivery Office, Strathkinness Village Hall, Lade Braes",Watching TV,6,6,6,17/06/2018 10:35,
1145,4,Cosmos Community Centre,"Cosmos Community Centre, St Mary St Bridge, Old Burgh School, Fife Coastal Path, Ayton House, victoria's room, Eskdale b&b",Exercising,5,1,1,17/06/2018 09:09,17/06/2018 10:02
1131,4,Strathkinness,"Strathkinness Church, Strathkinness, Strathkinness Tavern, Rufflets Country House Hotel St Andrews, Kingdom Vineyard Office (The Shed), Lade Braes, Strathkinness Village Hall, Royal Mail Delivery Office",Shopping,3,3,1,16/06/2018 16:48,17/06/2018 08:45
1126,4,,"Strathkinness Church, Strathkinness, Strathkinness Tavern, Rufflets Country House Hotel St Andrews, Kingdom Vineyard Office (The Shed), Lade Braes, Strathkinness Village Hall, Royal Mail Delivery Office",,,,,16/06/2018 14:28,16/06/2018 16:36
1124,4,Deep Sea World,"Deep Sea World, Forth Bridge, Aberlady, North Queensferry Boat Club, The Wee Restaurant, North Queensferry Pier, North Queensferry, Queensferry Crossing",Eating,6,2,0,16/06/2018 11:34,16/06/2018 13:20
1123,4,Deep Sea World,"Deep Sea World, Forth Bridge, North Queensferry Railway Station (NQU), Aberlady, North Queensferry, North Queensferry Boat Club, North Queensferry Pier, Yellow Coloured Cafe",Resting/Relaxing,6,0,0,16/06/2018 10:57,16/06/2018 11:18
1113,4,Strathkinness,"Strathkinness Church, Strathkinness, Strathkinness Tavern, Rufflets Country House Hotel St Andrews, Kingdom Vineyard Office (The Shed), Lade Braes, Royal Mail Delivery Office, Strathkinness Village Hall",Taking Care of My Children,3,5,1,15/06/2018 19:44,16/06/2018 09:32
1109,4,,"Strathkinness Church, Strathkinness, Strathkinness Tavern, Rufflets Country House Hotel St Andrews, Kingdom Vineyard Office (The Shed), Strathkinness Village Hall, Lade Braes, Royal Mail Delivery Office",,,,,15/06/2018 15:45,15/06/2018 19:15
1106,4,Bonkers Playbarn and Café,"Luvians, The Co-operative Food, Bonkers Playbarn and Café, skinners steps, North Union street, the mound moat hill, cupar in door market, St John's Kirk",Taking Care of My Children,6,2,2,15/06/2018 14:19,15/06/2018 15:26
1105,4,Strathkinness,"Strathkinness Church, Strathkinness, Strathkinness Tavern, Rufflets Country House Hotel St Andrews, Kingdom Vineyard Office (The Shed), Strathkinness Village Hall, Lade Braes, Royal Mail Delivery Office",Taking Care of My Children,2,5,6,15/06/2018 13:39,15/06/2018 13:54
1104,4,David Russell Apartments,"David Russell Apartments, Donaldson ????, Awesomest [Ukrainian] Room ????????????, Hallway herkless DRA, Khalid's ????????????, Mj's & Sergey's ????????, Rainbow Nursery, David Russell Apts. (Nisbet)",Taking Care of My Children,,,,15/06/2018 13:14,15/06/2018 13:15
1101,4,Athletic Union,"Athletic Union, Sports Centre, START, St Andrews Gym, New Hall, Agnes Blackadder Hall, NewHall 3rd Floor Study, Andrew Melville",Exercising,6,0,1,15/06/2018 12:09,15/06/2018 13:00
1100,4,,"University of St Andrews, St Salvator's Quad, Sallies Quad, Irvine Building, St. Salvator's Chapel, School 6, School VI, Computer Lab Irvine Building",,,,,15/06/2018 11:36,15/06/2018 12:04
1095,4,St. Andrews Cathedral,"Roundel, St. Andrews Cathedral, St Leonards School, English B, St Andrews Preservation Trust Museum & Garden, Dean's Court (3 South Street), Kates Room????, Russian Literature",Eating,6,6,6,15/06/2018 08:55,15/06/2018 11:19
1085,4,,"Strathkinness Church, Strathkinness, Strathkinness Tavern, Rufflets Country House Hotel St Andrews, Kingdom Vineyard Office (The Shed), Strathkinness Village Hall, Lade Braes, Royal Mail Delivery Office",,,,,14/06/2018 17:18,
1079,4,Strathkinness,"Strathkinness Church, Strathkinness, Strathkinness Tavern, Rufflets Country House Hotel St Andrews, Kingdom Vineyard Office (The Shed), Strathkinness Village Hall, Lade Braes, Royal Mail Delivery Office",Taking Care of My Children,5,4,1,14/06/2018 15:26,14/06/2018 17:08
1073,4,Lamond Drive,"Craigtoun Country Park, The Duke's Course, Craigtoun Den, St Andrews Links Trust, Occasions, Lamond Drive, Kinkell Byre, the view studio",Resting/Relaxing,3,3,3,14/06/2018 14:58,14/06/2018 15:00
1072,4,Craigtoun Country Park,"Craigtoun Country Park, The Duke's Course, Craigtoun Den, Occasions, St Andrews Links Trust, Lumbo Den, the view studio, Archbishop Sharp Memorial",Socialising,6,5,2,14/06/2018 14:11,14/06/2018 14:48
1071,4,Craigtoun Country Park,"Craigtoun Country Park, The Duke's Course, Craigtoun Den, St Andrews Links Trust, Occasions, Kinkell Byre, Duke's Clubhouse, the view studio",Socialising,6,3,1,14/06/2018 13:55,14/06/2018 13:55
1068,4,University of St Andrews,"St. Salvator's Chapel, University of St Andrews, Martyrs Kirk Postgraduate Research Library, St Andrews Police Station, School II, St Andrews Cathedral, St Salvator's Quad, Beer Kitchen by Innis & Gunn (St Andrews)",Travelling,3,4,2,14/06/2018 13:13,14/06/2018 13:26
1066,4,University of St Andrews,"University of St Andrews, Lower College Hall, Edgecliffe - Department of Philosophy, School I, Irvine Lecture Theatre, Lower College Lawn, School 3, Sallies Quad",Working,5,3,3,14/06/2018 12:48,14/06/2018 13:06
1064,4,,"University of St Andrews, Irvine Lecture Theatre, Lower College Hall, School I, School 3, Edgecliffe - Department of Philosophy, Irvine Building, School V",,,,,14/06/2018 11:35,14/06/2018 12:39
1057,4,,"Strathkinness Church, Strathkinness, Strathkinness Tavern, Rufflets Country House Hotel St Andrews, Kingdom Vineyard Office (The Shed), Strathkinness Village Hall, Royal Mail Delivery Office, Lade Braes",,,,,14/06/2018 08:35,14/06/2018 11:27
606,4,,"Taverna Platanos, Pelecanos Taverna, Vati, Taverna Petrino, Ταβέρνα Πελεκάνος, Passalis Apartments, Police Station, IPANEMA",,,,,01/06/2018 14:07,
599,4,,"Atmosphere Bar, Agostino's Greek Tavern, Saint Paul's Bay (Όρμος Αγίου Παύλου), Traditional House Villa Elpis, Pefkos Central, Filoxenia Cozy, Kritinia's Castle, Anastasia Studios",,,,,01/06/2018 12:17,01/06/2018 12:45
598,4,,"Eklekton, poseidon crepes, Ιερός Ναός Κοιμήσεως της Θεοτόκου, El Greco Creperie, Acropolis of Lindos (Ακρόπολη της Λίνδου), IKON, Royo Frozen Yogusrt & Ice Cream, Kostas Corner Shop",,,,,01/06/2018 11:53,01/06/2018 11:55
597,4,,"Gelo Blu, Alex's Restaurant Roof Garden, Alex's, CELoBLU, Calypso Historic Restaurant, Galletes Crêperie, Ancient Theatre, Ambrosia",,,,,01/06/2018 11:46,01/06/2018 11:48
593,4,,"Gelo Blu, Alex's Restaurant Roof Garden, Alex's, Calypso Historic Restaurant, CELoBLU, Stefany's, Ancient Theatre, Acropolis of Lindos (Ακρόπολη της Λίνδου)",,,,,01/06/2018 11:18,01/06/2018 11:41
589,4,,"Gelo Blu, Alex's Restaurant Roof Garden, Alex's, CELoBLU, Calypso Historic Restaurant, Ancient Theatre, Acropolis of Lindos (Ακρόπολη της Λίνδου), Ambrosia",,,,,01/06/2018 10:56,01/06/2018 11:12
588,4,,"Temple of Athena, Exedra (Εξέδρα), Acropolis of Lindos (Ακρόπολη της Λίνδου), Prasonisi Kite Beach, Ancient Theatre, Rokos Lindos, Melenos Lindos Luxury Suites, Alex's",,,,,01/06/2018 10:26,01/06/2018 10:34
587,4,,"Acropolis of Lindos (Ακρόπολη της Λίνδου), Temple of Athena, Exedra (Εξέδρα), Prasonisi Kite Beach, Rokos Lindos, Del Mar Studios, Ancient Theatre, Melenos Lindos",,,,,01/06/2018 10:03,01/06/2018 10:18
582,4,,"To Kamariko, Mosaic, Socrates bar, Dream Bar, Restaurant Olympia, Boutique Rooms Lindos, Lindos (Λίνδος), Colossos Coktail Bar",,,,,01/06/2018 09:18,01/06/2018 09:25
553,4,,"Taverna Platanos, Pelecanos Taverna, Vati, Taverna Petrino, Ταβέρνα Πελεκάνος, Passalis Apartments, Police Station, 95 ΕΑΝΕΘ",,,,,31/05/2018 13:13,01/06/2018 08:40
544,4,,"Super Market Sofos, Freddito, Capi Di Pizza, Kiotari Village, Cafe Neto, Ekaterini Hotel, Anel Hair Salon, Enercon WF Rhodos 9xE70",,,,,31/05/2018 11:30,31/05/2018 13:03
534,4,,"Glistra Beach (Παραλία Γλύστρα), Kiotari Bay Hotel, Lindian Village Resort, Sabinas watersport Rhodos, Kiotari Beach, scuba, Astroscopus, Pool Lindian Village",,,,,31/05/2018 09:03,31/05/2018 10:46
476,4,,"Mama's Kitchen Restaurant, The Lab, prassonisi, Crepes spot, ATM Bank Of Greece, Sergio's restaurant, Prassonisi Club, Gennadi",,,,,29/05/2018 13:53,31/05/2018 08:55
469,4,,"Pelecanos Taverna, Ταβέρνα Πελεκάνος, Vati, Taverna Petrino, Taverna Platanos, Passalis Apartments, Dormition of the Virgin, Police Station",,,,,29/05/2018 13:23,29/05/2018 13:33
462,4,,"Taverna Platanos, Vati, Pelecanos Taverna, Taverna Petrino, Ταβέρνα Πελεκάνος, Passalis Apartments, Νέο Δημοτικό Σχολείο Γενναδίου, Police Station",,,,,29/05/2018 11:43,29/05/2018 13:17
459,4,,"Vati, Pelecanos Taverna, Ταβέρνα Πελεκάνος, Taverna Platanos, Taverna Petrino, Passalis Apartments, Νέο Δημοτικό Σχολείο Γενναδίου, Police Station",,,,,29/05/2018 10:58,29/05/2018 11:33
456,4,,"Budget Rent a Car | Tsairi, Toyota Ξενακης, VW ΞΕΝΑΚΗΣ αεβε, 95τυπεθ/λαπ, Γρηγόρης, Mediterranean Sea, Rodos Gold, Go Kart",,,,,29/05/2018 09:41,29/05/2018 09:53
450,4,Valentino Hotel,"Valentino Hotel, Hotel Margaret, BEST Fm 103.1, Anseli Hotel, Ktiniatriko Zwotexniko Kentro, veranta(my), Kremasti (Κρεμαστή), Τέχνη και Δημιουργία",Resting/Relaxing,6,1,0,28/05/2018 21:48,29/05/2018 09:21
449,4,"Rhodes International Airport ""Diagoras"" (RHO) (Κρατικός Αερολιμένας Ρόδου «Διαγόρας»)","Rhodes International Airport ""Diagoras"" (RHO) (Κρατικός Αερολιμένας Ρόδου «Διαγόρας»), Flight RHO - DME, Baggage Claim (Παραλαβή Αποσκευών), Budget Rent a Car | Rhodes airport, Rhodes Airoport Police, Luggage Belt 3, Hellenic Duty Free Shops, Arrival Hall (Αφίξεις)",Travelling,3,3,2,28/05/2018 21:31,28/05/2018 21:37
448,4,,"Gate 29, Glasgow Airport (GLA), Travelex Glasgow Airport, Stream Marine Training, Campsie Snacks, Campsie Catering, Plane Icelandair, Tennents Bar, Gate 34",,,,,28/05/2018 16:13,28/05/2018 17:44
438,4,,"Glasgow Airport (GLA), Accessorize, Boots, Starbucks, AVIS Preferred, Gate 7A, World Duty Free, Dollar Rent A Car",,,,,28/05/2018 15:13,28/05/2018 15:15
437,4,Glasgow Airport (GLA),"The Sandpiper (Wetherspoon), Glasgow Airport (GLA), Republic Of Ireland And Jerseyl Arrivals, Baggage Reclaim, Domestic Arrivals, Maplin Electronics, Security Check, 500 Bus Stop",Travelling,6,3,2,28/05/2018 14:38,28/05/2018 14:58
436,4,Terminal 2,"Terminal 2, Glasgow Airport (GLA), 500 Bus Stop, Baggage Reclaim, Hertz, Car Park 2, Security Check, Glasgow Airport Express",Travelling,3,4,1,28/05/2018 14:13,28/05/2018 14:26
433,4,,"Powmill Milkbar & Restaurant, Glendevon, steelend miners club, Loch Glow, Craigluscar Activities, Oor Wee Spray Shop, Inverness, SAME Studios",,,,,28/05/2018 11:53,28/05/2018 12:43
432,4,,"Strathkinness Church, Strathkinness, Strathkinness Tavern, Kingdom Vineyard Office (The Shed), Rufflets Country House Hotel St Andrews, Royal Mail Delivery Office, Lade Braes, Strathkinness Village Hall",,,,,28/05/2018 10:16,28/05/2018 10:41
410,4,,"Strathkinness, Strathkinness Church, Strathkinness Tavern, Kingdom Vineyard Office (The Shed), Strathkinness Village Hall, Royal Mail Delivery Office, Lade Braes, Mansedale",,,,,27/05/2018 00:14,28/05/2018 10:10
409,4,Strathkinness,"Strathkinness, Strathkinness Church, Strathkinness Tavern, Kingdom Vineyard Office (The Shed), Royal Mail Delivery Office, Strathkinness Village Hall, Lade Braes, Mansedale",Resting/Relaxing,3,4,1,26/05/2018 23:13,27/05/2018 00:08
408,4,,"Hams Hame, Best Western Scores Hotel, Champions Grill, Chariots Bar, The Old Course Shop, The Royal and Ancient Golf Club of St Andrews, Cottage, Playfair Monument",,,,,26/05/2018 19:39,26/05/2018 22:47
404,4,Strathkinness,"Strathkinness, Strathkinness Church, Strathkinness Tavern, Kingdom Vineyard Office (The Shed), Royal Mail Delivery Office, Lade Braes, Strathkinness Village Hall, Mansedale",Taking Care of My Children,2,2,4,26/05/2018 18:34,26/05/2018 19:18
402,4,Strathkinness,"Strathkinness, Strathkinness Church, Strathkinness Tavern, Kingdom Vineyard Office (The Shed), Lade Braes, Royal Mail Delivery Office, Strathkinness Village Hall, Mansedale",Eating,4,3,1,26/05/2018 16:52,26/05/2018 18:23
400,4,Carphone Warehouse,"Waterstones, Pret A Manger, Boots, Barclays, Holland & Barrett, Carphone Warehouse, Jewel, Monsoon",Shopping,3,0,2,26/05/2018 15:54,26/05/2018 16:14
399,4,BURGER.,"Royal Bank of Scotland, The Adamson, Oxfam, BURGER., Jahangir, St. Mary's College Library, Post Office, Bank Of Scotland",Shopping,3,3,3,26/05/2018 15:43,26/05/2018 15:50
398,4,St Andrews Town Hall,"Royal Bank of Scotland, Post Office, Bank Of Scotland, WHSmith, St Andrews Town Hall, Holy Trinity, PizzaExpress, The Adamson",Eating,6,2,2,26/05/2018 14:09,26/05/2018 15:24
396,4,Pret A Manger,"Pret A Manger, Carphone Warehouse, Boots, Holland & Barrett, Jewel, Waterstones, The Edinburgh Woollen Mill, Monsoon",Eating,5,2,0,26/05/2018 13:24,26/05/2018 13:49
380,4,,"Strathkinness, Strathkinness Church, Strathkinness Tavern, Kingdom Vineyard Office (The Shed), Royal Mail Delivery Office, Strathkinness Village Hall, Lade Braes, Mansedale",,,,,26/05/2018 07:14,
375,4,Strathkinness,"Strathkinness, Strathkinness Church, Strathkinness Tavern, Kingdom Vineyard Office (The Shed), Lade Braes, Royal Mail Delivery Office, Strathkinness Village Hall, Mansedale",Watching TV,4,1,0,25/05/2018 21:47,
366,4,Strathkinness,"Strathkinness, Strathkinness Church, Strathkinness Tavern, Kingdom Vineyard Office (The Shed), Royal Mail Delivery Office, Lade Braes, Strathkinness Village Hall, Mansedale",Taking Care of My Children,3,5,1,25/05/2018 15:48,25/05/2018 21:41
365,4,Strathkinness Tavern,"Strathkinness, Strathkinness Church, Strathkinness Tavern, Strathkinness Village Hall, Kingdom Vineyard Office (The Shed), Lade Braes, Royal Mail Delivery Office, Occasions",Taking Care of My Children,5,1,1,25/05/2018 15:18,25/05/2018 15:40
361,4,,"Strathkinness, Strathkinness Church, Strathkinness Tavern, Kingdom Vineyard Office (The Shed), Royal Mail Delivery Office, Lade Braes, Strathkinness Village Hall, Mansedale",,,,,25/05/2018 12:43,25/05/2018 14:52
350,4,,"Strathkinness, Strathkinness Church, Strathkinness Tavern, Kingdom Vineyard Office (The Shed), Royal Mail Delivery Office, Strathkinness Village Hall, Lade Braes, Mansedale",,,,,24/05/2018 23:14,25/05/2018 12:24
345,4,,"Strathkinness, Strathkinness Church, Strathkinness Tavern, Kingdom Vineyard Office (The Shed), Royal Mail Delivery Office, Lade Braes, Strathkinness Village Hall, Mansedale",,,,,24/05/2018 21:18,24/05/2018 23:08
343,4,Strathkinness,"Strathkinness, Strathkinness Church, Strathkinness Tavern, Kingdom Vineyard Office (The Shed), Royal Mail Delivery Office, Strathkinness Village Hall, Lade Braes, Mansedale",Taking Care of My Children,3,3,3,24/05/2018 19:18,24/05/2018 21:11
338,4,Strathkinness,"Strathkinness, Strathkinness Church, Strathkinness Tavern, Kingdom Vineyard Office (The Shed), Strathkinness Village Hall, Royal Mail Delivery Office, Lade Braes, Mansedale",Taking Care of My Children,5,2,2,24/05/2018 18:13,24/05/2018 19:05
323,4,,"Strathkinness, Strathkinness Church, Strathkinness Tavern, Kingdom Vineyard Office (The Shed), Royal Mail Delivery Office, Strathkinness Village Hall, Lade Braes, Mansedale",,,,,23/05/2018 17:42,
322,4,,"Strathkinness, Strathkinness Church, Strathkinness Tavern, Kingdom Vineyard Office (The Shed), Lade Braes, Royal Mail Delivery Office, Strathkinness Village Hall, Mansedale",,,,,23/05/2018 15:47,23/05/2018 17:17
321,4,Morrisons,"Morrisons, Morrisons Cafe, St Andrews Community Hospital, Gardens Mowers & Tools Ltd, Morrisons Petrol Station, Strathcairn Medical Practice, Oasis Dental Care, LloydsPharmacy",Shopping,4,2,1,23/05/2018 15:22,23/05/2018 15:24
318,4,,"Morrisons, Morrisons Cafe, Morrisons Petrol Station, Morrisons Petrol Station, St Andrews Community Hospital, Gardens Mowers & Tools Ltd, Strathcairn Medical Practice, St Andrews Recycling Centre",,,,,23/05/2018 13:48,23/05/2018 15:02
311,4,Strathkinness,"Strathkinness, Strathkinness Church, Strathkinness Tavern, Kingdom Vineyard Office (The Shed), Royal Mail Delivery Office, Strathkinness Village Hall, Lade Braes, Mansedale",Taking Care of My Children,4,2,2,23/05/2018 08:51,23/05/2018 13:25
305,4,Strathkinness,"Strathkinness, Strathkinness Church, Strathkinness Tavern, Kingdom Vineyard Office (The Shed), Lade Braes, Royal Mail Delivery Office, Strathkinness Village Hall, Mansedale",Taking Care of My Children,6,3,0,22/05/2018 17:15,23/05/2018 08:32
296,4,Lower College Hall,"Lower College Hall, University of St Andrews, Sallies Quad, St. Salvator's Chapel, School I, Lower College Lawn, School 3, Edgecliffe - Department of Philosophy",Working,5,4,2,22/05/2018 10:57,22/05/2018 16:59
293,4,University of St Andrews,"University of St Andrews, Lower College Hall, Edgecliffe - Department of Philosophy, School I, Lower College Lawn, Irvine Lecture Theatre, School 3, School V",Working,3,5,0,22/05/2018 09:25,22/05/2018 10:29
283,4,Strathkinness,"Strathkinness, Strathkinness Church, Strathkinness Tavern, Kingdom Vineyard Office (The Shed), Lade Braes, Strathkinness Village Hall, Royal Mail Delivery Office, Mansedale",Eating,4,2,0,21/05/2018 15:27,22/05/2018 09:01
281,4,,"East Sands, East Sands Leisure Centre, St Andrews, East Shore Student Accommodation, Artery Gallery, Madras College, East Sands Playground, Fife Coastal Path",,,,,21/05/2018 13:29,21/05/2018 14:47
274,4,,"Strathkinness, Strathkinness Church, Strathkinness Tavern, Kingdom Vineyard Office (The Shed), Royal Mail Delivery Office, Lade Braes, Strathkinness Village Hall, Mansedale",,,,,21/05/2018 08:25,
269,4,Strathkinness,"Strathkinness, Strathkinness Church, Strathkinness Tavern, Kingdom Vineyard Office (The Shed), Lade Braes, Royal Mail Delivery Office, Strathkinness Village Hall, Mansedale",Doing Housework,3,2,0,20/05/2018 19:02,
266,4,,"Strathkinness, Strathkinness Church, Strathkinness Tavern, Kingdom Vineyard Office (The Shed), Lade Braes, Royal Mail Delivery Office, Strathkinness Village Hall, Mansedale",,,,,20/05/2018 15:24,20/05/2018 18:50
263,4,Strathkinness,"Strathkinness, Strathkinness Church, Strathkinness Tavern, Kingdom Vineyard Office (The Shed), Lade Braes, Royal Mail Delivery Office, Strathkinness Village Hall, Mansedale",Resting/Relaxing,5,1,1,20/05/2018 14:28,20/05/2018 14:48
260,4,Strathkinness,"Strathkinness, Strathkinness Church, Strathkinness Tavern, Kingdom Vineyard Office (The Shed), Lade Braes, Royal Mail Delivery Office, Strathkinness Village Hall, Mansedale",Eating,4,2,0,20/05/2018 12:52,20/05/2018 14:20
255,4,Strathkinness,"Strathkinness, Strathkinness Church, Strathkinness Tavern, Kingdom Vineyard Office (The Shed), Strathkinness Village Hall, Lade Braes, Royal Mail Delivery Office, Mansedale",Resting/Relaxing,6,2,1,20/05/2018 10:27,20/05/2018 12:43
254,4,,"Cosmos Community Centre, St Mary St Bridge, Old Burgh School, Fife Coastal Path, victoria's room, Eskdale b&b, Ollerenshaw, St Andrews Arts Building",,,,,20/05/2018 09:12,20/05/2018 10:07
252,4,,"Strathkinness, Strathkinness Church, Strathkinness Tavern, Kingdom Vineyard Office (The Shed), Lade Braes, Strathkinness Village Hall, Royal Mail Delivery Office, Mansedale",,,,,19/05/2018 23:09,20/05/2018 08:31
250,4,,"Strathkinness, Strathkinness Church, Strathkinness Tavern, Kingdom Vineyard Office (The Shed), Lade Braes, Royal Mail Delivery Office, Strathkinness Village Hall, Mansedale",,,,,19/05/2018 16:55,19/05/2018 23:04
246,4,Holiday Inn Edinburgh,"Holiday Inn Edinburgh, Starbucks, Trader Bar, Edinburgh Zoo Bus Stop, Spirit Health Club, Edinburgh Zoo, Gallery Bar, Enterprise Rent-a-car",Working,4,2,2,19/05/2018 09:21,19/05/2018 15:01
245,4,Holiday Inn Edinburgh,"Holiday Inn Edinburgh, Trader Bar, Spirit Health Club, EDI BUS, Starbucks, Edinburgh Zoo Bus Stop, Zoo Shop, Edinburgh Zoo",Working,3,3,4,19/05/2018 08:12,19/05/2018 09:13
238,4,,"Strathkinness, Strathkinness Church, Strathkinness Tavern, Kingdom Vineyard Office (The Shed), Lade Braes, Royal Mail Delivery Office, Strathkinness Village Hall, Mansedale",,,,,18/05/2018 19:36,19/05/2018 06:54
227,4,Strathkinness Village Hall,"Strathkinness, Strathkinness Church, Strathkinness Tavern, Kingdom Vineyard Office (The Shed), Lade Braes, Strathkinness Village Hall, Royal Mail Delivery Office, Mansedale",Taking Care of My Children,4,3,0,18/05/2018 15:22,18/05/2018 19:30
225,4,Strathkinness,"Strathkinness, Strathkinness Church, Strathkinness Tavern, Kingdom Vineyard Office (The Shed), Lade Braes, Royal Mail Delivery Office, Strathkinness Village Hall, Mansedale",Eating,6,2,0,18/05/2018 13:52,18/05/2018 15:11
223,4,,"Sports Centre, Athletic Union, St Andrews Gym, START, Agnes Blackadder Hall, New Hall, Andrew Melville, st-andrews university library special collections",,,,,18/05/2018 12:12,18/05/2018 13:27
221,4,St Salvator's Quad,"St Salvator's Quad, St. Salvator's Chapel, University of St Andrews, Sallies Quad, Irvine Building, School 6, School VI, Carphone Warehouse",Working,3,3,0,18/05/2018 11:22,18/05/2018 11:57
220,4,Turkish Barber,"British Heart Foundation, Rocca Deli, Jack Wills, Joules of St Andrews, St Andrews Wine Company, Turkish Barber, Johnson Cleaners, Mozza",Other,5,0,1,18/05/2018 10:47,18/05/2018 11:12
213,4,,"Strathkinness, Strathkinness Church, Strathkinness Tavern, Kingdom Vineyard Office (The Shed), Lade Braes, Strathkinness Village Hall, Royal Mail Delivery Office, Mansedale",,,,,17/05/2018 23:44,18/05/2018 10:34
209,4,Strathkinness,"Strathkinness, Strathkinness Church, Strathkinness Tavern, Kingdom Vineyard Office (The Shed), Lade Braes, Royal Mail Delivery Office, Strathkinness Village Hall, Mansedale",Eating,6,0,0,17/05/2018 17:46,17/05/2018 23:37
208,4,Strathkinness,"Strathkinness, Strathkinness Church, Strathkinness Tavern, Kingdom Vineyard Office (The Shed), Lade Braes, Royal Mail Delivery Office, Strathkinness Village Hall, Mansedale",Other,4,0,4,17/05/2018 17:12,17/05/2018 17:14
207,4,Strathkinness,"Strathkinness, Strathkinness Church, Strathkinness Tavern, Kingdom Vineyard Office (The Shed), Lade Braes, Strathkinness Village Hall, Royal Mail Delivery Office, Mansedale",Taking Care of My Children,5,1,0,17/05/2018 15:36,17/05/2018 17:05
205,4,,"Cottage Kitchen, PizzaExpress, Bank Of Scotland, Post Office, St Andrews Library, Little Italy, The Edinburgh Woollen Mill, The Doll's House Restaurant",,,,,17/05/2018 14:31,17/05/2018 14:49
203,4,Strathkinness,"Strathkinness, Strathkinness Church, Strathkinness Tavern, Kingdom Vineyard Office (The Shed), Royal Mail Delivery Office, Lade Braes, Strathkinness Village Hall, Mansedale",Other,4,5,1,17/05/2018 13:39,17/05/2018 14:01
199,4,,"University of St Andrews, Lower College Hall, School I, Sallies Quad, School 6, Irvine Lecture Theatre, St. Salvator's Chapel, Lower College Lawn",,,,,17/05/2018 09:22,17/05/2018 13:16
193,4,,"Strathkinness, Strathkinness Church, Strathkinness Tavern, Kingdom Vineyard Office (The Shed), Lade Braes, Royal Mail Delivery Office, Strathkinness Village Hall, Mansedale",,,,,16/05/2018 21:35,17/05/2018 09:06
192,4,,"Strathkinness, Strathkinness Church, Strathkinness Tavern, Kingdom Vineyard Office (The Shed), Lade Braes, Royal Mail Delivery Office, Strathkinness Village Hall, Mansedale",,,,,16/05/2018 21:17,16/05/2018 21:29
189,4,Strathkinness,"Strathkinness, Strathkinness Church, Strathkinness Tavern, Kingdom Vineyard Office (The Shed), Lade Braes, Strathkinness Village Hall, Royal Mail Delivery Office, Mansedale",Doing Housework,3,4,0,16/05/2018 18:56,16/05/2018 20:20
188,4,Strathkinness Village Hall,"Strathkinness, Strathkinness Church, Strathkinness Tavern, Kingdom Vineyard Office (The Shed), Lade Braes, Strathkinness Village Hall, Royal Mail Delivery Office, Mansedale",Doing Housework,3,2,0,16/05/2018 18:22,16/05/2018 18:48
186,4,Strathkinness,"Strathkinness, Strathkinness Church, Strathkinness Tavern, Kingdom Vineyard Office (The Shed), Lade Braes, Royal Mail Delivery Office, Strathkinness Village Hall, Mansedale",Resting/Relaxing,6,3,0,16/05/2018 16:32,16/05/2018 18:09
